{"stats":{"minecraft:dropped":{"byg:biomepedia":1,"minecraft:stick":1},"minecraft:custom":{"minecraft:jump":153,"minecraft:time_since_rest":7217,"minecraft:leave_game":1,"minecraft:damage_taken":50,"minecraft:sprint_one_cm":19723,"minecraft:play_time":7217,"minecraft:walk_on_water_one_cm":1938,"minecraft:time_since_death":7217,"minecraft:walk_one_cm":14577,"minecraft:sneak_time":15,"minecraft:total_world_time":7217,"minecraft:walk_under_water_one_cm":1608,"minecraft:swim_one_cm":4492,"minecraft:fall_one_cm":2840,"minecraft:drop":2,"minecraft:fly_one_cm":28577},"minecraft:mined":{"minecraft:coarse_dirt":6},"minecraft:picked_up":{"minecraft:stick":1}},"DataVersion":3120}